Company Name,Classification,Country
Acuitas Therapeutics,Nanotechnology,Canada
OncoArendi Therapeutics SA,Early Stage Biotech,Poland
Abacus Diagnostica,Medical Diagnostics,Finland
Highland Therapeutics,Early Stage Biotech,Canada
Genome Diagnostics B.V.,Medical Diagnostics,Netherlands
Grifols Deutschland GmbH,BioSystems,Germany
DDD Danish Diagnostic Development A/S,Medical Diagnostics,Denmark
Somagen Diagnostics,Medical Devices,Canada
Parvus Therapeutics,Rare Disease,United States
Diagnosticum Zrt,Medical Devices,Hungary
Enigma Diagnostics,Medical Devices,United Kingdom
BDS INTERNATIONAL Diagnostics GmbH,Medical Diagnostics,Germany
A.Menarini Diagnostics Ltd,Medical Diagnostics,United Kingdom
Kem-En-Tec Diagnostics A/S,Medical Devices,Denmark
AdeTherapeutics Inc.,Early Stage Biotech,Canada
Specialised Therapeutics Australia,Healthcare Analytics,Australia
"1ST Biotherapeutics, Inc.",Rare Disease,"Korea, Republic of"
AIMM Therapeutics,Rare Disease,Netherlands
Beyond Air Inc,Healthcare Analytics,United States
Alectos Therapeutics,Healthcare Analytics,Canada
ReGen Therapeutics Plc,Medical Devices,United Kingdom
Neumann Diagnostics,BioSystems,Hungary
Crescent Diagnostics Ltd,Medical Diagnostics,United Kingdom
Microtest Matrices Ltd,Medical Devices,United Kingdom
Particle Therapeutics,Medical Devices,United Kingdom
Gyroscope Therapeutics Limited,Genomics/Gene Therapy,United Kingdom
Isarna Therapeutics,Misc,Germany
ScarX Therapeutics,Early Stage Biotech,Canada
Modus Therapeutics,Biosystems,Sweden
NBE Therapeutics,Biosystems,Switzerland
Vernalis,Biosystems,United Kingdom
Prexton Therapeutics,Early Stage Biotech,Switzerland
Neurimmune Therapeutics,Misc,Switzerland
nLife Therapeutics,Early Stage Biotech,Spain
Enterprise Therapeutics,BioSystems,United Kingdom
EpimAb Biotherapeutics,BioSystems,China
Evox Therapeutics,Rare Disease,United Kingdom
Stealthyx Therapeutics,Healthcare Analytics,United Kingdom
Phico Therapeutics,Early Stage Biotech,United Kingdom
Feldan Therapeutics,Nanotechnology,Canada
Aelix Therapeutics,Rare Disease,Spain
"Alethia BioTherapeutics, Inc.",Rare Disease,Canada
Repare Therapeutics,Genomics/Gene Therapy,Canada
STORM Therapeutics,Genomics/Gene Therapy,United Kingdom
Arquer Diagnostics,Medical Diagnostics,United Kingdom
Atomo Diagnostics,Medical Diagnostics,Australia
MeMed Diagnostics,Medical Diagnostics,Israel
Orbsen Therapeutics,Medical Diagnostics,Ireland
CARsgen Therapeutics,Medical Diagnostics,China
Advanced Cancer Therapeutics,Healthcare Analytics,United States
Altheus Therapeutics Inc,Healthcare Analytics,United States
"Cellerant Therapeutics, Inc.",Bioinformatics,United States
Amorsa Therapeutics,BioSystems,United States
Annias Immunotherapeutics,Digital Health,United States
Anthos Therapeutics,Healthcare Analytics,United States
"Antidote Therapeutics, Inc",Rare Disease,United States
Aptamir Therapeutics,Bioinformatics,United States
BioAegis Therapeutics,BioSystems,United States
Bridge Therapeutics,Healthcare Analytics,United States
C2 Therapeutics,Digital Health,United States
"Cellics Therapeutics, Inc.",Rare Disease,United States
Circuit Therapeutics,Genomics/Gene Therapy,United States
Context Therapeutics,Healthcare Analytics,United States
"Copernicus Therapeutics, Inc.",Genomics/Gene Therapy,United States
GO Therapeutics,BioSystems,United States
rEVO Biologics Inc,BioSystems,United States
Artiva Biotherapeutics,BioSystems,United States
BEAT BioTherapeutics,BioSystems,United States
"Chiesi, USA, Inc.",Rare Disease,United States
"Chrysalis Biotherapeutics, Inc.",Stem Cell,United States
Clover Therapeutics,Nanotechnology,United States
Colorado Therapeutics LLC,Medical Devices,United States
Geom Therapeutics,BioSystems,United States
Hormone Therapeutics,Healthcare Analytics,United States
Orum Therapeutics,BioSystems,"Korea, Republic of"
Quiet Therapeutics,BioSystems,Israel
TenNor Therapeutics,BioSystems,China
Comet Therapeutics,BioSystems,United States
Topas Therapeutics GmbH,BioSystems,Germany
Vivet Therapeutics,BioSystems,France
Zucara Therapeutics,BioSystems,Canada
Carisma Therapeutics Inc,Bioinformatics,United States
Carmell Therapeutics,BioSystems,United States
Actuate Therapeutics Inc,Healthcare Analytics,United States
"Adaptive Phage Therapeutics, Inc.",Healthcare Analytics,United States
Amakem Therapeutics (Formerly Known As Amakem NV),Healthcare Analytics,Belgium
Amphivena Therapeutics,BioSystems,United States
Arcion Therapeutics,Bioinformatics,United States
Arete Therapeutics,Bioinformatics,United States
Ascenta Therapeutics Inc.,Medical Diagnostics,United States
Axerion Therapeutics Inc.,BioSystems,United States
Axial Biotherapeutics,BioSystems,United States
"BioEclipse Therapeutics, Inc",BioSystems,United States
BlackThorn Therapeutics,Medical Diagnostics,United States
Calliditas Therapeutics,Medical Diagnostics,Sweden
"Century Therapeutics, Inc.",Genomics/Gene Therapy,United States
"Cerebral Therapeutics, Inc.",Medical Diagnostics,United States
"Cerevast Therapeutics, Inc.",Medical Diagnostics,United States
Cingulate Therapeutics LLC,Healthcare Analytics,United States
"Clarus Therapeutics, Inc.",Healthcare Analytics,United States
Cognition Therapeutics Inc.,Early Stage Biotech,United States
Compass Therapeutics,Early Stage Biotech,United States
Corvidia Therapeutics,Genomics/Gene Therapy,United States
DecImmune Therapeutics,Healthcare Analytics,United States
Entrada Therapeutics Inc,Healthcare Analytics,United States
"Exicure, Inc",BioSystems,United States
"Good Therapeutics, Inc.",BioSystems,United States
Grid Therapeutics,BioSystems,United States
Iconic Therapeutics,Bioinformatics,United States
IM Therapeutics,Healthcare Analytics,United States
Xilio Therapeutics,Healthcare Analytics,United States
"Zenobia Therapeutics, Inc.",Healthcare Analytics,United States
BioMed Diagnostics,Medical Devices,United States
Qool Therapeutics,BioSystems,United States
"Velcura Therapeutics, Inc",BioSystems,United States
Meso Scale Diagnostics,Medical Devices,United States
"NOWDiagnostics, Inc",Medical Diagnostics,United States
Oasis Diagnostics,Medical Devices,United States
Genova Diagnostics,Healthcare Analytics,United States
Gold Standard Diagnostics,Medical Devices,United States
Hardy Diagnostics,Medical Devices,United States
"INOVA Diagnostics, Inc.",Medical Devices,United States
InSource Diagnostics,Healthcare Analytics,United States
"Iron Horse Diagnostics, Inc.",Medical Diagnostics,United States
Iverson Genetic Diagnostics,Medical Diagnostics,United States
"Machaon Diagnostics, Inc.",Healthcare Analytics,United States
Integrated BioTherapeutics,Bioinformatics,United States
"Monitored Therapeutics, Inc",TeleMedicine,United States
"Motion Therapeutics, Inc",Medical Devices,United States
NeuroEM Therapeutics,BioSystems,United States
"Antigen Discovery, Inc",BioSystems,United States
"Cognate BioServices, Inc.",Genomics/Gene Therapy,United States
"Levo Therapeutics, Inc",Early Stage Biotech,United States
Lumen Therapeutics,Healthcare Analytics,United States
Havah Therapeutics,Healthcare Analytics,United States
HBO2 Therapeutics,Healthcare Analytics,United States
Helicon Therapeutics,BioSystems,United States
Helsinn Therapeutics (US) Inc.,BioSystems,United States
HemaFLO Therapeutics Inc. (Formerly Known As DRP Medical),BioSystems,United States
"NovelMed Therapeutics, Inc.",BioSystems,United States
Noveome Biotherapeutics,BioSystems,United States
Klotho Therapeutics,Digital Health,United States
AI Therapeutics,Rare Disease,United States
Io Therapeutics,Bioinformatics,United States
Expression Therapeutics,Bioinformatics,United States
Felicitex Therapeutics,Bioinformatics,United States
Focal Therapeutics,Medical Diagnostics,United States
Chronos Therapeutics,BioSystems,United Kingdom
Amal Therapeutics SA,BioSystems,Switzerland
Amarna Therapeutics B.V.,Healthcare Analytics,Netherlands
Helperby Therapeutics,Digital Health,United Kingdom
Meristem Therapeutics,BioSystems,France
MiNA Therapeutics,BioSystems,United Kingdom
Sekisui Diagnostics,Medical Diagnostics,Canada
Achelios Therapeutics,BioSystems,United States
Aciex Therapeutics,BioSystems,United States
Dragonfly Therapeutics,BioSystems,United States
Dynamis Therapeutics,BioSystems,United States
"Ebb Therapeutics (Formerly Known As Cerêve, Inc.)",Digital Health,United States
"Elusys Therapeutics, Inc.",Healthcare Analytics,United States
Ennaid Therapeutics,BioSystems,United States
Ensemble Therapeutics Corporation,Healthcare Analytics,United States
Pelican Therapeutics,Healthcare Analytics,United States
Currax Pharmaceuticals LLC ,Healthcare Analytics,United States
Integrative Therapeutics,Nutraceuticals,United States
"Infuseon Therapeutics, Inc",Medical Devices,United States
Libella Gene Therapeutics,Genomics/Gene Therapy,United States
FUJIFILM Wako Diagnostics U.S.A. Corporation,Medical Diagnostics,United States
Epygenix Therapeutics,Bioinformatics,United States
"X-Biotix Therapeutics, Inc.",BioSystems,United States
Yuma Therapeutics Corporation,BioSystems,United States
"Bluejay Diagnostics, Inc.",Medical Diagnostics,United States
Tate Diagnostic Inc,Stem Cell,United States
Prime Therapeutics,Digital Health,United States
QLSF BioTherapeutics,BioSystems,United States
Pique Therapeutics,BioSystems,United States
Plasma Protein Therapeutics Association,BioSystems,United States
"Polaryx Therapeutics, Inc.",BioSystems,United States
IVAX Diagnostics,Medical Diagnostics,United States
"Multimeric Biotherapeutics, Inc",Medical Diagnostics,United States
"Innovimmune Biotherapeutics, Inc.",Healthcare Analytics,United States
Macrophage Therapeutics,Medical Devices,United States
NovaTarg Therapeutics,BioSystems,United States
Vista Clinical Diagnostics,Medical Diagnostics,United States
Flag Therapeutics,Medical Diagnostics,United States
Corbin Therapeutics,BioSystems,Canada
GeneQuine Biotherapeutics GmbH,BioSystems,Germany
Wuhan Kindstar Diagnostics,Healthcare Analytics,China
XLV Diagnostics Inc.,Digital Health,Canada
Zhejiang Dian Diagnostics,Medical Diagnostics,China
3DBio Therapeutics,BioSystems,United States
Encore Therapeutics Inc,Healthcare Analytics,United States
Vyome Therapeutics Inc.,Healthcare Analytics,United States
WindMIL Therapeutics,Healthcare Analytics,United States
Excision BioTherapeutics Inc.,Healthcare Analytics,United States
Rani Therapeutics,Healthcare Analytics,United States
Caliber Imaging & Diagnostics,Medical Devices,United States
Bardy Diagnostics,Medical Diagnostics,United States
"Rainier Therapeutics, Inc.",Bioinformatics,United States
"Pliant Therapeutics, Inc.",BioSystems,United States
"PNP Therapeutics, Inc.",BioSystems,United States
"Poseida Therapeutics, Inc.",BioSystems,United States
Lia Diagnostics,Medical Devices,United States
Magellan Diagnostics,Medical Devices,United States
"MBio Diagnostics, Inc.",Healthcare Analytics,United States
"Immune-Onc Therapeutics, Inc",Healthcare Analytics,United States
ImmunoMet Therapeutics Inc,Healthcare Analytics,United States
"Immunomic Therapeutics, Inc",Healthcare Analytics,United States
InCarda Therapeutics Inc.,Healthcare Analytics,United States
LifeMine Therapeutics,Genomics/Gene Therapy,United States
"Logical Therapeutics, Inc.",Healthcare Analytics,United States
Lung Therapeutics,Healthcare Analytics,United States
HemoShear Therapeutics,BioSystems,United States
Obsidian Therapeutics,BioSystems,United States
Jupiter Orphan Therapeutics,Rare Disease,United States
Juvaris BioTherapeutics,Genomics/Gene Therapy,United States
ONL Therapeutics,Medical Diagnostics,United States
VIDA Diagnostics,Medical Diagnostics,United States
"Expansion Therapeutics, Inc.",Bioinformatics,United States
Foghorn Therapeutics,Genomics/Gene Therapy,United States
Confo Therapeutics,BioSystems,Belgium
Freeline Therapeutics,BioSystems,United Kingdom
Aleva Neurotherapeutics SA,Healthcare Analytics,Switzerland
Allecra Therapeutics,BioSystems,Germany
Minoryx Therapeutics,BioSystems,Spain
Karus Therapeutics,BioSystems,United Kingdom
LNC Therapeutics,BioSystems,France
Dermata Therapeutics,BioSystems,United States
Dignify Therapeutics,BioSystems,United States
Disarm Therapeutics,Healthcare Analytics,United States
"eFFECTOR Therapeutics, Inc.",Early Stage Biotech,United States
Elstar Therapeutics,BioSystems,United States
"Embera NeuroTherapeutics, Inc.",BioSystems,United States
Emerald Therapeutics,Medical Diagnostics,United States
Pear Therapeutics,Rare Disease,United States
Tarveda Therapeutics,Medical Diagnostics,United States
Tenaya Therapeutics,Healthcare Analytics,United States
60° Pharmaceuticals,BioSystems,United States
Abiogen Pharma,Rare Disease,Italy
Abon Pharmaceuticals,Healthcare Analytics,United States
Acumen Pharmaceuticals Inc.,Medical Diagnostics,United States
Aerial BioPharma,BioSystems,United States
Affectis Pharmaceuticals AG,BioSystems,Germany
Akanocure Pharma,BioSystems,United States
Akrimax Pharmaceuticals,BioSystems,United States
Alitair Pharmaceuticals,BioSystems,United States
Amplyx Pharmaceuticals,BioSystems,United States
MicuRx Pharmaceuticals,Healthcare Analytics,United States
Mimetogen Pharmaceuticals,Healthcare Analytics,Canada
Mitochon Pharmaceuticals,Healthcare Analytics,United States
Modra Pharmaceuticals B.V.,Healthcare Analytics,Netherlands
NAEJA-RGM Pharma,Medical Diagnostics,Canada
"NanoSmart Pharmaceuticals, Inc.",Nanotechnology,United States
NanoValent Pharmaceuticals,Nanotechnology,United States
Nemaura Pharma,Healthcare Analytics,United Kingdom
Navitor Pharmaceuticals,Healthcare Analytics,United States
NETRIS Pharma,Healthcare Analytics,France
Neurim Pharmaceuticals,Healthcare Analytics,Israel
NLS Pharma,Healthcare Analytics,Switzerland
Nucorion Pharmaceuticals,Healthcare Analytics,United States
NuvOx Pharma,Healthcare Analytics,United States
"ORIC Pharmaceuticals, Inc.",Healthcare Analytics,United States
Orphagen Pharmaceuticals,Healthcare Analytics,United States
Otologic Pharmaceutics,Healthcare Analytics,United States
PACT Pharma,Healthcare Analytics,United States
Palleon Pharmaceuticals,Healthcare Analytics,United States
KalGene Pharmaceuticals,Healthcare Analytics,Canada
Kalyra Pharmaceuticals,BioSystems,United States
Kindex Pharmaceuticals,Healthcare Analytics,United States
"Kringle Pharma, Inc.",BioSystems,Japan
L.E.A.F. Pharmaceuticals,BioSystems,United States
LABEC Pharma,Medical Diagnostics,Spain
"Landos Biopharma, Inc.",Healthcare Analytics,United States
Lead Pharma,BioSystems,Netherlands
Lipella Pharmaceuticals,BioSystems,United States
Lytix Biopharma,BioSystems,Norway
Mapp Biopharmaceutical,Healthcare Analytics,United States
Amunix Pharmaceuticals Inc.,BioSystems,United States
Anaeropharma Science,BioSystems,Japan
Andarix Pharmaceuticals,Medical Diagnostics,United States
"Angstrom Pharmaceuticals, Inc.",Healthcare Analytics,United States
Ansun Biopharma,Healthcare Analytics,United States
AOP Orphan Pharmaceuticals AG,Rare Disease,Austria
"Apexian Pharmaceuticals, Inc.",Healthcare Analytics,United States
"Immune Response BioPharma, Inc",Healthcare Analytics,United States
Impel NeuroPharma,Healthcare Analytics,United States
Inozyme Pharma,Rare Disease,United States
iX Biopharma,BioSystems,Singapore
Izun Pharmaceuticals Corp.,BioSystems,United States
"Trove Therapeutics, Inc",Medical Diagnostics,United States
Forge Therapeutics,Bioinformatics,United States
"FORMA Therapeutics, Inc.",,
"FORMA Therapeutics, Inc.",Bioinformatics,United States
"Garnet Biotherapeutics, Inc.",BioSystems,United States
Gemini Therapeutics,Bioinformatics,United States
Nimbus Therapeutics,Bioinformatics,United States
NKT Therapeutics Inc.,Bioinformatics,United States
Nohla Therapeutics,Bioinformatics,United States
Nora Therapeutics,Bioinformatics,United States
"Intarcia Therapeutics, Inc.",Bioinformatics,United States
"Medeor Therapeutics, Inc.",Healthcare Analytics,United States
"MediQuest Therapeutics, Inc.",Healthcare Analytics,United States
"Respira Therapeutics, Inc",Healthcare Analytics,United States
Oxford BioTherapeutics Ltd,Healthcare Analytics,United Kingdom
Relay Therapeutics,Bioinformatics,United States
Orbus Therapeutics,Rare Disease,United States
Silk Therapeutics,Healthcare Analytics,United States
Silverback Therapeutics,Digital Health,United States
SiteOne Therapeutics,Medical Diagnostics,United States
Skyhawk Therapeutics,Rare Disease,United States
Osler Diagnostics Limited,Medical Diagnostics,United Kingdom
Tmunity Therapeutics,Digital Health,United States
Spiral Therapeutics,BioSystems,United States
Talaris Therapeutics,Medical Diagnostics,United States
Ribon Therapeutics,Healthcare Analytics,United States
"VLP Therapeutics, LLC",Healthcare Analytics,United States
Prelude Therapeutics,BioSystems,United States
Celerus Diagnostics,Medical Diagnostics,United States
Daktari Diagnostics,Healthcare Analytics,United States
GeneCentric Diagnostics,BioSystems,United States
Lyndra Therapeutics,Healthcare Analytics,United States
"Aurora BioPharma, Inc.",Biosystems,United States
Avilex Pharma,Biosystems,Denmark
Azevan Pharmaceuticals,Biosystems,United States
Bexion Pharmaceuticals,Biosystems,United States
Petra Pharma,Biosystems,United States
PharmAbcine,Biosystems,"Korea, Republic of"
Pharmaco-Kinesis Corporation,Medical devices,United States
PharmaJet,Medical devices,United States
Araim Pharmaeuticals,Biosystems,United States
Arbor Pharmaceuticals,Biosystems,United States
"Archer Pharmaceuticals, Inc.",Biosystems,United States
ARMGO Pharma Inc.,Biosystems,United States
Asklepion Pharmaceuticals,Biosystems,United States
"Asklepios BioPharmaceutical, Inc.",Biosystems,United States
"Atlantic Pharmaceuticals, Inc.",Biosystems,United States
Atrin Pharmaceuticals,Biosystems,United States
AudioCure Pharma GmbH,Biosystems,Germany
Aurealis Pharma,Biosystems,Switzerland
Sapience Therapeutics,Biosystems,United States
Seaside Therapeutics,Biosystems,United States
ApopLogic Pharmaceuticals,Biosystems,United States
Apothecus Pharmaceutical,Biosystems,United States
Aquavit Pharmaceuticals,Biosystems,United States
Aquinnah Pharmaceuticals,Biosystems,United States
Onsite Health Diagnostics,Healthcare Analytics,United States
Personal Genome Diagnostics,Medical Diagnostics,United States
Restore Therapeutics,Medical Diagnostics,United States
ReVision Therapeutics,Medical Diagnostics,United States
SAB Biotherapeutics,Biosystems,United States
Samus Therapeutics,Biosystems,United States
"Saneron CCEL Therapeutics, Inc.",Biosystems,United States
Neuro Diagnostic Devices (NeuroDx),Medical Devices,United States
"Advanced Animal Diagnostics, Inc.",Medical Diagnostics,United States
Almac Diagnostic Services,Medical Diagnostics,United States
"Amber Diagnostics, Inc.",Medical Imaging,United States
"Amydis, Inc.",Medical Diagnostics,United States
"ARK Diagnostics, Inc.",Medical Devices,United States
"Esperance Pharmaceuticals, Inc.",Healthcare Analytics,United States
"Euclises Pharmaceuticals, Inc",Healthcare Analytics,United States
Eutropics Pharmaceuticals,Medical Diagnostics,United States
ExeGi Pharma,Medical Diagnostics,United States
Faraday Pharmaceuticals,Healthcare Analytics,United States
Fedora Pharmaceuticals Inc.,Healthcare Analytics,Canada
FogPharma,Healthcare Analytics,United States
Forendo Pharma Ltd,Healthcare Analytics,Finland
Phosphorus Diagnostics,Genomics/Gene Therapy,United States
"Population Bio, Inc",Medical Diagnostics,United States
Preora Healthcare Inc,Medical Diagnostics,United States
"Phase Diagnostics, Inc.",Medical Devices,United States
Proxim Diagnostics,Medical Devices,United States
Nagourney Cancer Institute,Healthcare Analytics,United States
Proven Diagnostics,Medical Devices,United States
Cantex Pharmaceuticals,Digital Health,United States
Cardurion Pharmaceuticals,BioSystems,United States
CellAct Pharma GmbH,Digital Health,Germany
Censa Pharmaceuticals,BioSystems,United States
CEVEC Pharmaceuticals GmbH,BioSystems,Germany
Checkmate Pharmaceuticals,Healthcare Analytics,United States
CinRx Pharma,Healthcare Analytics,United States
Circle Pharma,Early Stage Biotech,United States
CiVi Biopharma,BioSystems,United States
"AN2 Therapeutics, Inc.",Healthcare Analytics,United States
"TriAxia Health, Inc.",Rare Disease,United States
"Celldom, Inc.",Genomics/Gene Therapy,United States
Brii Biosciences,Healthcare Analytics,United States
Seekyo,Healthcare Analytics,France
Heartbeat Labs GmbH,Digital Health,Germany
Anvajo GmbH,Medical Devices,Germany
PMI BioPharma Solutions LLC,Healthcare Analytics,United States
Frontier Medicines,Healthcare Analytics,United States
"Akouos, Inc",Genomics/Gene Therapy,United States
Axial3D,Medical Devices,United Kingdom
HidraMed Solutions Ltd,Healthcare Analytics,Ireland
APT Therapeutics,BioSystems,United States
"Cloud Pharmaceuticals, Inc",Digital Health,United States
"Clover Biopharmaceuticals, Inc.",BioSystems,China
Reviva Pharmaceuticals Inc.,Healthcare Analytics,United States
Rhizen Pharmaceuticals S.A.,Digital Health,Switzerland
Riboxx Pharmaceuticals,BioSystems,Germany
Scilex Pharmaceuticals,BioSystems,United States
"Selten Pharma, LLC",Rare Disease,United States
"Neutron Therapeutics, Inc",Medical Devices,United States
Nobilis Therapeutics,Bioinformatics,United States
"Mati Therapeutics, Inc",Healthcare Analytics,United States
"Ralexar Therapeutics, Inc",Healthcare Analytics,United States
"Rare Disease Therapeutics, Inc",Rare Disease,United States
"ReCyte Therapeutics, Inc.",Stem Cell,United States
REMD Biotherapeutics,BioSystems,United States
Shepherd Therapeutics,Bioinformatics,United States
Intensity Therapeutics,Healthcare Analytics,United States
InterveXion Therapeutics,Bioinformatics,United States
TRACT Therapeutics,Medical Diagnostics,United States
"Venturis Therapeutics, Inc",Bioinformatics,United States
"TeneoBio, Inc",BioSystems,United States
"StemSynergy Therapeutics, Inc.",BioSystems,United States
Tactical Therapeutics,BioSystems,United States
Arch Oncology,Medical Diagnostics,United States
"PharmaStem Therapeutics, Inc.",BioSystems,United States
Phosplatin Therapeutics,BioSystems,United States
Pionyr Immunotherapeutics,BioSystems,United States
"Koios Medical, Inc",Medical Devices,United States
Critical Diagnostics,Medical Diagnostics,United States
Diagnostic Consulting Network,Medical Diagnostics,United States
"Therapeutics, Inc",Medical Diagnostics,United States
Renova Therapeutics,Healthcare Analytics,United States
"Commonwealth Diagnostics International, Inc.",Healthcare Analytics,United States
"Copan Diagnostics, Inc.",Medical Diagnostics,United States
PTS Diagnostics,Medical Diagnostics,United States
Gryphus Diagnostics,Medical Diagnostics,United States
"Fujirebio Diagnostics, Inc.",Medical Devices,United States
Tetra Therapeutics,Medical Diagnostics,United States
Fortovia Therapeutics,BioSystems,United States
MapLight Therapeutics,Healthcare Analytics,United States
Regenocyte Therapeutic,Stem Cell,United States
Silicon Therapeutics,BioSystems,United States
Tonus Therapeutics,BioSystems,United States
Starton Therapeutics,BioSystems,United States
Sunascen Therapeutics,Healthcare Analytics,United States
"Synergys Biotherapeutics, Inc",BioSystems,United States
Tactiva Therapeutics,BioSystems,United States
Pfizer - Centers of Therapeutic Innovation,Healthcare Analytics,United States
Cleveland Diagnostics,Medical Diagnostics,United States
"Core Diagnostics, Inc",Medical Diagnostics,United States
Designer Diagnostics Inc.,Medical Diagnostics,United States
Lenox Hill Radiology,Healthcare Analytics,United States
Stelexis Therapeutics,Digital Health,United States
Eden Health,Healthcare Analytics,United States
Health Reveal,Digital Health,United States
Medly Pharmacy,Digital Health,United States
Kindbody,Digital Health,United States
GenFleet Therapeutics Inc,BioSystems,China
Culture Biosciences,Digital Health,United States
JangoBio LLC,Healthcare Analytics,United States
Numab Therapeutics AG,BioSystems,Switzerland
Dilon Technologies Inc,Medical Diagnostics,United States
Biomarck Pharmaceutical,BioSystems,United States
"BioMarker Pharmaceuticals, Inc.",Genomics/Gene Therapy,United States
BMG Pharma S.p.A.,Digital Health,Italy
"Cancer Prevention Pharmaceuticals, Inc.",BioSystems,United States
"uVera Diagnostics, Inc",Medical Devices,United States
Diagnostica Stago Inc,Medical Diagnostics,United States
DxTerity Diagnostics,Genomics/Gene Therapy,United States
Vault Health,Digital Health,United States
Wellthy,Digital Health,United States
Primmune Therapeutics,BioSystems,United States
Biosortia Pharmaceuticals,Digital Health,United States
"True Diagnostics, Inc",Medical Diagnostics,United States
YouSeq,Genomics/Gene Therapy,United Kingdom
"Shoreline Biome, LLC",Genomics/Gene Therapy,United States
TurtleTree Labs,Early stage biotech,Singapore
"DeepBiome Therapeutics, Inc",TeleMedicine,United States
Vectans Pharma,TeleMedicine,France
Cell-Easy,Stem Cell,France
Versatope Therapeutics,Healthcare Analytics,United States
"Time Bioscience, LLC",Healthcare Analytics,United States
StemCellerant,Stem cell,United States
"MDI Therapeutics, Inc",Healthcare Analytics,United States
Octagon Therapeutics,Rare disease,United States
Life Biosciences,Digital Health,United States
X-Vax Technology,BioSystems,United States
Variant Bio,BioSystems,United States
VizAI,BioSystems,United States
Sure Genomics,BioSystems,United States
Biohemp International Inc,Healthcare Analytics,United States
Anjarium Bioscience,BioSystems,Switzerland
Arcturus BioCloud,BioSystems,United States
CombImmune,BioSystems,United States
IndiOmics,BioSystems,United States
APS Lifetech,Agri-Biotech,India
Eupraxia Pharmaceuticals Inc,Healthcare Analytics,Canada
Laurent Pharmaceuticals,Bioinformatics,Canada
Mannin Research Inc,Healthcare Analytics,Canada
Mperia Therapeutics Inc,Healthcare Analytics,Canada
Mycodev Group Inc,Medical Devices,Canada
Immune Biosolutions Inc,Bioinformatics,Canada
AVIR Pharma Inc,Healthcare Analytics,Canada
Future Fertility Inc,Healthcare Analytics,Canada
Cuprous Pharmaceuticals Inc,Nanotechnology,Canada
Cytapex Bioinformatics Inc,Bioinformatics,Canada
Medipure Pharmaceuticals,Healthcare Analytics,Canada
Ikena Oncology,Early Stage Biotech,United States
Brava Diagnostics,Medical Devices,United States
Transverse Medical Inc,Medical Devices,United States
"Capture Vascular, Inc",Medical Devices,United States
Watchmaker genomics,Genomics/Gene Therapy,United States
Genosity,Genomics/Gene Therapy,United States
Cellarity,Telemedicine,United States
Ring Therapeutics,BioSystems,United States
"Korro Bio, Inc",Genomics/Gene Therapy,United States
Kintai Therapeutics,Misc,United States
Omega Therapeutics,Genomics/Gene Therapy,United States
"Sana Biotechnology, Inc",Genomics/Gene Therapy,United States
Stratpharma AG,Medical Devices,Switzerland
Haut AI,Healthcare Analytics,Estonia
Primaa,Digital Health,France
Universal Diagnostics SL,Digital Health,Spain
Alacris Theranostics,Digital Health,Germany
Atlas Biomed Group,TeleMedicine,Russian Federation
"Genome Profiling, LLC",Genomics/Gene Therapy,United States
"Massive Bio, Inc",Digital Health,United States
Northern Biologics,Healthcare Analytics,Canada
Notch Therapeutics,Bioinformatics,Canada
Notogen Inc,Bioinformatics,Canada
Imsight Technology Co. Ltd,Digital Health,Hong Kong
"PruGen, Inc",Medical Diagnostics,United States
Ranedis Pharmaceuticals,Medical Diagnostics,United States
ResQ Pharma,Medical Diagnostics,United States
Biomeme,Digital Health,United States
DeepTrait,Genomics/Gene Therapy,Germany
Liquid Biotech,Medical Diagnostics,United States
Altheia Science,Genomics/Gene Therapy,Italy
InnovHeart,Medical Devices,Italy
Adare Pharmaceuticals,Medical Diagnostics,Italy
FDNA,Healthcare Analytics,United States
TissueX Technologies,BioSystems,Canada
Complex Biotech Discovery Ventures,BioSystems,Canada
Elsius,Healthcare Analytics,Canada
Solid State Pharma Inc,BioSystems,Canada
Satellos Bioscience Inc,Healthcare Analytics,Canada
Maverick Therapeutics,BioSystems,United States
"Immtech Pharmaceuticals, Inc",Healthcare Analytics,United States
PFS Genomics,Genomics/Gene Therapy,Canada
SaNOtize Research and Development Corp,Healthcare Analytics,Canada
Glysantis Inc,Nanotechnology,Canada
Empirica Therapeutics,Genomics/Gene Therapy,Canada
Triumvira Immunologics Inc,Genomics/Gene Therapy,Canada
AgenTus Therapeutics,Healthcare Analytics,United States
Orca Biosystems Inc,Healthcare Analytics,United States
Unlearn AI,Bioinformatics,United States
"Phi Therapeutics, Inc",BioSystems,United States
Tillotts Pharma AG,Medical Diagnostics,Switzerland
Tiltan Pharma,BioSystems,Israel
Tremeau Pharmaceuticals,Healthcare Analytics,United States
YiSheng BioPharma,BioSystems,China
Vivelix Pharma,Healthcare Analytics,United States
BeaconCure,Digital Health,Israel
Skychain Global,Digital Health,Russian Federation
The Ontario Institute for Regenerative Medicine (OIRM),Stem Cell,Canada
Nanostics,Medical Devices,Canada
Hygea Precision Medicine Inc,Healthcare Analytics,United States
"Unite Genomics, Inc",Genomics/Gene Therapy,United States
Clear Genetics,Digital Health,United States
Phylos,Genomics/Gene Therapy,United States
PhenoTips,Healthcare Analytics,Canada
LifeNome,Healthcare Analytics,United States
Exscientia,BioSystems,United Kingdom
ALX Oncology,Healthcare Analytics,United States
Oncoheroes Biosciences,Healthcare Analytics,United States
CODA Biotherapeutics,Genomics/Gene Therapy,United States
Opentrons labworks. Inc,Digital Health,United States
EQRx,BioSystems,United States
"Revolution Medicines, Inc",Rare disease,United States
GRO Biosciences,Genomics/Gene Therapy,United States
MoA Technology,Agri-Biotech,United Kingdom
TreeFrog Therapeutics,Stem Cell,France
C16 Biosciences,BioSystems,United States
Scipher Medicine,Digital Health,United States
Arima Genomics,Genomics/Gene Therapy,United States
Athira Pharma,Digital Health,United States
Siris Medical,Digital Health,United States
MedAware Ltd,Digital Health,Israel
"BioAge Labs, Inc.",TeleMedicine,United States
CloudMedx Inc.,Digital Health,United States
Element AI Inc.,Digital Health,Canada
Synaptive Medical Inc.,Digital Health,Canada
Kira Biotech,Medical Diagnostics,Australia
Rosa Biotech,Bioinformatics,United Kingdom
ImmunOS Therapeutics,Medical Diagnostics,Switzerland
TILT Biotherapeutics,Medical Diagnostics,Finland
Perlstein Lab,Medical Diagnostics,United States
Envisagenics,BioSystems,United States
BioDigital,BioSystems,United States
Ultromics,Healthcare Analytics,United Kingdom
Pyxis Oncology,BioSystems,United States
Epigene Labs,BioSystems,France
Lumiata,Healthcare Analytics,United States
AiCure,Digital Health,United States
K Health,Healthcare Analytics,United States
Notable Labs,Healthcare Analytics,United States
Owkin,Healthcare Analytics,France
LabGenius,BioSystems,United Kingdom
Insilico Medicine,Healthcare Analytics,Hong Kong
Brainomix,Medical Devices,United Kingdom
Strand Life Sciences,Bioinformatics,India
Chinook Therapeutics Inc,Rare Disease,Canada
Vitaeris Inc,Healthcare Analytics,Canada
Flosonics Medical,Medical Devices,Canada
Ervaxx,Genomics/Gene Therapy,United Kingdom
Venatorx Pharmaceuticals,Medical Devices,United States
SkinVision,Digital Health,Netherlands
Proscia,Digital Health,United States
MaxQ AI,Digital Health,United States
Cyclica,Bioinformatics,Canada
Quantib,Digital Health,Netherlands
Ucare AI,Digital Health,Singapore
Xbird,Digital Health,Germany
Winterlight Labs,Digital Health,Canada
Infermedica,Digital Health,Poland
Doxper,Digital Health,India
SemaThera Inc.,Healthcare Analytics,Canada
Shield Bio,Healthcare Analytics,United States
Repositive,Healthcare Analytics,United Kingdom
NGX Bio,Healthcare Analytics,United States
Biotia,Healthcare Analytics,United States
mfine,Early Stage Biotech,India
Caspar Health,Digital Health,Germany
TARA Biosystems,BioSystems,United States
ABL Bio,BioSystems,"Korea, Republic of"
"C4 Therapeutics, Inc.",Healthcare Analytics,United States
Celsius Therapeutics,Healthcare Analytics,United States
Civetta Therapeutics,Early Stage Biotech,United States
Vensica Medical,Medical Devices,Israel
"AtaCor Medical, Inc.",Medical Devices,United States
Inscripta Inc,Genomics/Gene Therapy,United States
SeqWell,Genomics/Gene Therapy,United States
Gencove,Genomics/Gene Therapy,United States
Immunitas Therapeutics,Genomics/Gene Therapy,United States
"Shape Therapeutics, Inc.",Genomics/Gene Therapy,United States
Oncorus,Rare disease,United States
Cygnal Therapeutics,Rare disease,United States
Vividion Therapeutics. Inc.,Telemedicine,United States
Gossamer Bio,Rare disease,United States
Dyne Therapeutics,Rare disease,United States
Niramai Health Analytix,Healthcare Analytics,India
ArtiQ,Medical Devices,Belgium
Fabric Genomics,Digital Health,United States
20/20 GeneSystems,Digital Health,United States
Cambridge Epigenetix,Medical Diagnostics,United Kingdom
Genoox,Genomics/Gene Therapy,United States
PierianDx,Genomics/Gene Therapy,India
Emedgene,Genomics/Gene Therapy,Israel
Nebula Genomics,Genomics/Gene Therapy,United States
Lifebit,Bioinformatics,United Kingdom
Thrive Earlier Detection,Early stage biotech,United States
Qpex Biopharma,Bioinformatics,United States
Antios Therapeutics,Rare disease,United States
Cohero Health,Healthcare Analytics,United States
"Insight Rx, Inc",Digital Health,United States
VoxelCloud Inc.,Digital Health,United States
Mendel AI,Digital Health,United States
Genomic Prediction,Genomics/Gene Therapy,United States
Intelliseq,Genomics/Gene Therapy,Poland
Dante Labs,Genomics/Gene Therapy,United States
Genenta Science,Genomics/Gene Therapy,Italy
Genechron,Genomics/Gene Therapy,Italy
Maze Therapeutics,Genomics/Gene Therapy,United States
HiberCell,Medical Diagnostics,United States
Twentyeight-Seven Therapeutics (28-7),Genomics/Gene Therapy,United States
Verve Therapeutics,Medical Diagnostics,United States
Kronos Bio,Medical Diagnostics,United States
CuraSen,Medical Diagnostics,United States
Gotham Therapeutics,Medical Diagnostics,United States
Clarify Health Solutions,Healthcare Analytics,United States
Idx,Medical Diagnostics,United States
Biofourmis,Healthcare Analytics,Singapore
Aidoc,Healthcare Analytics,Israel
Deep Genomics,BioSystems,Canada
Virogin Biotech,Healthcare Analytics,Canada
Biohope,Medical Diagnostics,Spain
Bluedrop Medical,Medical Devices,Ireland
Araris Biotech,Medical Diagnostics,Switzerland
PolyProx Therapeutics Ltd,Medical Diagnostics,United Kingdom
CysBio,Bioinformatics,Denmark
CellmAbs,Medical Diagnostics,Portugal
Nagi Bioscience,Bioinformatics,Switzerland
Mantle Biotech,Medical Diagnostics,United States
ViewPoint Therapeutics,Bioinformatics,United States
Aegle Therapeutics,Stem Cell,United States
Codiak BioSciences,Rare Disease,United States
Vaxess Technologies,Healthcare Analytics,United States
Scenic Biotech,Medical Diagnostics,Netherlands
Generation Bio,BioSystems,United States
Mammoth Biosciences,BioSystems,United States
"NPlex Bioscience, Inc",Nanotechnology,Canada
Tambua Health,Medical Devices,United States
RX.Health,Digital Health,United States
Zbiotics,Nutraceuticals,United States
Theranica Bio-Electronics Ltd,Medical Devices,United States
Syqe Medical,Medical Devices,Israel
Pivot Bio,Agri-Biotech,United States
SmartZyme Biopharma,BioSystems,Israel
kariusdx,Healthcare Analytics,United States
Caribou Biosciences,BioSystems,United States
Lygos,BioSystems,United States
Transcriptic,Medical Devices,United States
Ambys Medicines,Healthcare Analytics,United States
Repertoire Immune Medicines,Telemedicine,United States
Eligo Bioscience,Healthcare Analytics,France
Elsa Science,Healthcare Analytics,Sweden
Casma Therapeutics,Early Stage Biotech,United States
Rheos Medicines,Healthcare Analytics,United States
Cedilla Therapeutics,Healthcare Analytics,United States
"Bolt Biotherapeutics, Inc.",Healthcare Analytics,United States
Triplet Therapeutics,Early Stage Biotech,United States
CAMP4 Therapeutics,Early Stage Biotech,United States
Acousia Therapeutics GmbH,Healthcare Analytics,Germany
"Alpine Immune Sciences, Inc.",Genomics/Gene Therapy,United States
Kaleido Biosciences,Genomics/Gene Therapy,United States
Clevergene,Bioinformatics,India
ILYA Pharma,Healthcare Analytics,Sweden
Ranomics,Genomics/Gene Therapy,Canada
Serenity Bioworks,Genomics/Gene Therapy,Canada
Fortuna Fix Inc,Digital Health,Canada
DalCor Pharmaceuticals,Digital Health,Canada
Inversago Pharma,Digital Health,Canada
PreciThera Inc,Rare Disease,Canada
SideKickHealth,Digital Health,United States
Igentify,Digital Health,Israel
"Hengrui Therapeutics, Inc.",Medical Diagnostics,United States
Veritas Genetics,Genomics/Gene Therapy,United States
Novome Biotechnologies,Genomics/Gene Therapy,United States
Boost Biomes,Healthcare Analytics,United States
Xcell Biosciences,Healthcare Analytics,United States
Allevi,BioSystems,United States
Bigfoot Biomedical,Healthcare Analytics,United States
AOBiome,BioSystems,United States
Muxima Bio,Nutraceuticals,Portugal
RoosterBio,BioSystems,United States
Cellanyx,Healthcare Analytics,United States
Mindshare Medical,Healthcare Analytics,United States
Unima,Medical Diagnostics,Mexico
Jade Diabetes,Healthcare Analytics,Australia
CPH Biotech,Healthcare Analytics,Canada
Tailored Genes,Healthcare Analytics,Canada
Pathogenomix,BioSystems,United States
BillionToOne,Medical Diagnostics,United States
BelCosta Labs,Agri-Biotech,United States
Cannalysis,Medical Diagnostics,United States
Telocyte,BioSystems,United States
"Ichor Therapeutics, Inc.",BioSystems,United States
"ARTham Therapeutics, Inc",BioSystems,Japan
Vascular Genesis,Medical Devices,United States
OpenMed,Healthcare Analytics,United States
Ligandal,Healthcare Analytics,United States
Neural Analytics,Healthcare Analytics,United States
Leapcure,BioSystems,United States
Respirix,Medical Devices,United States
Lumere,Healthcare Analytics,United States
HistoWiz,Healthcare Analytics,United States
One Codex,Medical Diagnostics,United States
Prospect Bio,Bioinformatics,United States
Atomwise,Healthcare Analytics,United States
indee labs,Stem Cell,United States
Common Sensing,Healthcare Analytics,United States
Zenflow,Healthcare Analytics,United States
Elysium Health,Healthcare Analytics,United States
sRNAlytics,Healthcare Analytics,United States
FitBiomics,BioSystems,United States
StemExcell,BioSystems,United States
Epitoire Bioscience,BioSystems,United States
Galileo,Healthcare Analytics,United States
Meves Pharmaceuticals,Rare Disease,United States
Turnstone Biologics,BioSystems,United States
LipoCoat,Medical Devices,Netherlands
Aurum Biosciences,Medical Diagnostics,United Kingdom
Atturos,Medical Diagnostics,Ireland
Qlaris Bio,Medical Diagnostics,United States
TissueLabs,Medical Diagnostics,Brazil
ExoCoBio,Stem Cell,"Korea, Republic of"
Carmine Therapeutics,Healthcare Analytics,Singapore
Adipomics,Healthcare Analytics,United States
Droplite,Medical Diagnostics,Spain
Sonoma Biotherapeutics,Bioinformatics,United States
TScan Therapeutics,BioSystems,United States
ZebiAI Therapeutics,Medical Diagnostics,United States
"StratifiCare, Inc.",Medical Diagnostics,Singapore
AAVogen,Medical Diagnostics,United States
Novaremed AG,BioSystems,Switzerland
In Diagnostics,BioSystems,United States
Synapsica Healthcare,Medical Imaging,India
Abalone Bio,Rare Disease,United States
Genecis Bioindustries Inc,Agri-Biotech,Canada
Ochre Bio,Genomics/Gene Therapy,United Kingdom
delt.ai,Digital Health,Mexico
Caelum Bioscience,BioSystems,United States
kangaroohealth,Healthcare Analytics,United States
PetBioCell,Healthcare Analytics,Germany
Brightseedbio,Healthcare Analytics,United States
Immunovant,Healthcare Analytics,United States
zPREDICTA,BioSystems,United States
BioMed X,Medical Diagnostics,Germany
Carbiotix,Healthcare Analytics,Sweden
Genevant Sciences,BioSystems,United States
Alma Bio Therapeutics SAS,Medical Diagnostics,France
iCell Gene Therapeutics Inc.,Healthcare Analytics,United States
Lyell Immunopharma,Genomics/Gene Therapy,United States
TRex Bio,Genomics/Gene Therapy,United States
DNA Xperts Pvt Ltd,Medical Devices,India
Redcliffe Lifesciences Pvt.Ltd.,Healthcare Analytics,India
4basecare Genomics Private Limited,Healthcare Analytics,India
Astrego Diagnostics AB,Medical Devices,Sweden
Testa Center,BioSystems,Sweden
Molbiogen,Medical Diagnostics,India
Converge Biotech,Healthcare Analytics,India
Phenomic AI,Digital Health,Canada
ExCellThera Inc,BioSystems,Canada
Jenthera Therapeutics,BioSystems,Canada
MyX Therapeutics,Digital Health,Canada
Searchlight Pharma,Digital Health,Canada
Juvena Therapeutics,Medical Diagnostics,United States
Revel Pharmaceuticals,Early Stage Biotech,United States
Expain,Medical Diagnostics,United States
Minovia Therapeutics,Rare Disease,Israel
DreaMed Diabetes,Medical Diagnostics,Israel
Nanomedic Technologies Ltd,Medical Devices,Israel
ImmunAI,BioSystems,Israel
ROSALIND by OnRamp BioInformatics,Genomics/Gene Therapy,United States
Adaptate Biotherapeutics,Healthcare Analytics,United Kingdom
iMicrobes,BioSystems,United States
Maverix Biomics,BioSystems,United States
Sensulin,Healthcare Analytics,United States
Contraline,BioSystems,United States
Athelas,Healthcare Analytics,United States
Geltor,Healthcare Analytics,United States
Hyasynth Bio,Healthcare Analytics,Canada
Correlia Biosystems,Medical Diagnostics,United States
GlowDx,Medical Diagnostics,Ireland
Naked Biome,Genomics/Gene Therapy,United States
Phylagen,Genomics/Gene Therapy,United States
Kite Medical,Medical Diagnostics,Ireland
Neurent Medical,Medical Devices,Ireland
SQZ Biotechnologies,TeleMedicine,United States
"DermBiont, Inc.",Medical Diagnostics,United States
Alto Pharmacy,Medical Diagnostics,United States
PetaGene,Bioinformatics,United Kingdom
ONA Therapeutics,Healthcare Analytics,Spain
Peptomyc,Agri-Biotech,Spain
Bot M.D.,Digital Health,Singapore
Nimblr,Digital Health,United States
Psious,Digital Health,Spain
Healios,Healthcare Analytics,United Kingdom
Flow Neuroscience,Medical Devices,Sweden
Vyasa Analytics,Digital Health,United States
"Vivante Health
",Digital Health,United States
Virta Health,Digital Health,United States
Harbour Biomed,BioSystems,United States
Metabomed LTD,Digital Health,Israel
Biond Biologics Ltd,Digital Health,Israel
ORIG3N,Healthcare Analytics,United States
Magnolia Neurosciences,Digital Health,United States
Quentis Therapeutics,BioSystems,United States
Zentalis Pharmaceuticals,BioSystems,United States
Dracen Pharmaceuticals,BioSystems,United States
Neurovalens,Medical Devices,United Kingdom
Forkhead BioTherapeutics Inc,Healthcare Analytics,United States
ENB Therapeutics,Healthcare Analytics,United States
Kallyope Inc,Medical Imaging,United States
"Yesse Technologies, Inc.",Nanotechnology,United States
Nodexus,Healthcare Analytics,United States
Nanoly bioscience,Healthcare Analytics,United States
Innoblative Designs,Medical Devices,United States
Solarea Bio,Early Stage Biotech,United States
Imbria Pharmaceuticals,Medical Diagnostics,United States
Shattuck Labs,Medical Diagnostics,United States
Alfasigma,Healthcare Analytics,Italy
"Antheia, Inc.",Genomics/Gene Therapy,United States
Chimera Bioengineering,Medical Diagnostics,United States
Dianomi Therapeutics,Medical Diagnostics,United States
Avalon GloboCare,Healthcare Analytics,United States
OXOLIFE,Agri-Biotech,Spain
Molomics,Digital health,Spain
Genomcore,Genomics/Gene Therapy,Spain
"Analytics 4 Life, Inc.",Digital Health,United States
PDC*line Pharma,Rare disease,Belgium
Meru Health,Healthcare Analytics,United States
KinBio,BioSystems,Israel
EpiBone,Digital Health,United States
Axon Therapies,Early Stage Biotech,United States
uFraction8,Stem Cell,United Kingdom
Oblique Therapeutics,Healthcare Analytics,Sweden
miDiagnostics,Medical Devices,Belgium
Delve Therapeutics,BioSystems,United States
LabFellows,BioSystems,United States
TeselaGen,Healthcare Analytics,United States
Varigen Biosciences,Genomics/Gene Therapy,United States
Pattern BioSciences,Genomics/Gene Therapy,Switzerland
Biosimulytics,BioSystems,Ireland
Eolas Medical,Medical Diagnostics,United Kingdom
AuriGen Medical,Medical Devices,Ireland
Loci Orthopaedics,Medical Devices,Ireland
Felix Biotechnology,BioSystems,United States
MicroByre,Genomics/Gene Therapy,United States
"Stem Pharm, Inc",Bioinformatics,United States
Vascugen,Medical Diagnostics,United States
Viralgen Vector Core,Genomics/Gene Therapy,Spain
"ConsortiaTX, Inc.",BioSystems,United States
Genique Lifesciences,Medical Devices,India
ZeCardio Therapeutics,TeleMedicine,Spain
Made of Genes,Genomics/Gene Therapy,Spain
Rejuvenate Bio,Bioinformatics,United States
"FIMECS, Inc.",Rare disease,Japan
Ahum,Healthcare Analytics,Sweden
Juvenescence AI,BioSystems,United States
Captor Therapeutics Ltd,Healthcare Analytics,Poland
Gatehouse Bio,Genomics/Gene Therapy,United States
Lodo Therapeutics,Genomics/Gene Therapy,United States
Cell Machines,BioSystems,United States
Simple strips,Medical Devices,United States
Pendulum Therapeutics,BioSystems,United States
"Nimble Therapeutics, Inc",BioSystems,United States
Kaviva Life Sciences,Nutraceuticals,India
Denovo Biolabs,Medical Diagnostics,India
Promea Therapeutics,Medical Diagnostics,India
Yaathum Biotech,Agri-Biotech,India
Antipodean Pharmaceuticals Inc,Healthcare Analytics,United States
"Mannan Pharmaceuticals, LLC",Healthcare Analytics,United States
MD Biosciences GmbH,Medical Diagnostics,Switzerland
"Carolus Therapeutics, Inc",Bioinformatics,United States
NousCom,Healthcare Analytics,Switzerland
Bac3Gel,Digital Health,Italy
ProteinQure,Digital Health,Canada
Aifred Health,Digital Health,Canada
Zenith Epigenetics Corp.,Early Stage Biotech,United States
Entos Pharmaceuticals,Nanotechnology,Canada
Pacylex Pharmaceuticals,Healthcare Analytics,Canada
Innovative Targeting Solutions Inc.,Healthcare Analytics,Canada
Symvivo Corporation,Early Stage Biotech,Canada
AbCellera Biologics,Genomics/Gene Therapy,Canada
Aspect Biosystems Ltd.,Early Stage Biotech,Canada
Novelogics Biotechnology Inc.,Early Stage Biotech,Canada
Precision NanoSystems,Nanotechnology,Canada
AlphaCognition Inc,Healthcare Analytics,Canada
BHV Pharma (Avolynt),Healthcare Analytics,United States
Metavant Sciences,Healthcare Analytics,United States
NeuroBo Pharmaceuticals,Healthcare Analytics,United States
OcuNexus Therapeutics,Healthcare Analytics,United States
Celularity,Early Stage Biotech,United States
Soin Neuroscience,Early Stage Biotech,United States
Zebra Medical Vision,Healthcare Analytics,Israel
DiaMonTech AG,BioSystems,Germany
Jnana Therapeutics,Early Stage Biotech,United States
Mika,Digital Health,Germany
Mecuris GmbH,Digital Health,Germany
TeleClinic,TeleMedicine,Germany
Kaia Health,Digital Health,United States
Lucence Diagnostics,Medical Diagnostics,Singapore
Nashville Biosciences,Early stage Biotech,United States
EncrypGen,Genomics/Gene Therapy,United States
ACT Genomics,Bioinformatics,Taiwan
Arrakis Therapeutics,TeleMedicine,United States
Verily Life Sciences,Digital Health,United States
Signum Dermalogix Inc,BioSystems,United States
Nkarta Therapeutics,BioSystems,United States
CONTINUUS Pharmaceuticals,Digital Health,United States
Genesis Therapeutics,BioSystems,United States
Arvelle Therapeutics,Bioinformatics,Switzerland
Cynapsus Therapeutics,Healthcare Analytics,Canada
Energesis Pharmaceuticals,Healthcare Analytics,United States
Erimos Pharmaceuticals,BioSystems,United States
"Escend Pharmaceuticals, Inc",Digital Health,United States
"Escient Pharmaceuticals, Inc.",BioSystems,United States
Drawbridge Pharmaceuticals,BioSystems,Australia
DS Biopharma,BioSystems,Ireland
Dynamix Pharmaceuticals,Healthcare Analytics,Israel
Cour Pharmaceuticals,Medical Diagnostics,United States
Thetis Pharmaceuticals,BioSystems,United States
Telomere Diagnostics,Bioinformatics,United States
"Sandstone Diagnostics, Inc.",Medical Devices,United States
Viracta Therapeutics,Bioinformatics,United States
Vitruvias Therapeutics,Medical Diagnostics,United States
"Vivace Therapeutics, Inc",BioSystems,United States
Vista Therapeutics,Medical Diagnostics,United States
"Serina Therapeutics, Inc.",Healthcare Analytics,United States
"Tizona Therapeutics, Inc.",BioSystems,United States
Acuamark Diagnostics,BioSystems,United States
Curtana Pharmaceuticals,Bioinformatics,United States
Cycle Pharmaceuticals,Medical Diagnostics,United Kingdom
Dauntless Pharmaceuticals,Bioinformatics,United States
Denovo Biopharma,Medical Diagnostics,United States
Diazon Pharma,Healthcare Analytics,Canada
Drais Pharmaceuticals,Medical Diagnostics,United States
PrediTox,BioSystems,France
Flash Therapeutics,Genomics/Gene Therapy,France
"MedAnswers, Inc",Healthcare Analytics,United States
Avail Bio,Rare disease,United States
TruGenomix,Healthcare Analytics,United States
Spring Health,Digital Health,United States
Imagen Technologies,Healthcare Analytics,United States
Miacom Diagnostics GmbH,Medical Diagnostics,Germany
MedDay Pharmaceuticals,BioSystems,France
Melior Pharmaceuticals,BioSystems,United States
Babylon Health,Digital Health,United Kingdom
Flatiron Health,Healthcare Analytics,United States
Tempus Labs,Healthcare Analytics,United States
PathAI,Healthcare Analytics,United States
Synyi,Healthcare Analytics,China
GNS Healthcare,Healthcare Analytics,United States
Ada Health,Healthcare Analytics,Germany
Healx,Rare Disease,United Kingdom
Shuttle Pharmaceuticals,BioSystems,United States
Sitka Biopharma,Digital Health,Canada
SK Bio-Pharmaceuticals,Healthcare Analytics,"Korea, Republic of"
SLA Pharma AG,BioSystems,United Kingdom
Slayback Pharma,Digital Health,United States
Solasia Pharma K.K.,Healthcare Analytics,Japan
"Soricimed Biopharma, Inc.",Medical Diagnostics,Canada
Sound Pharmaceuticals,Healthcare Analytics,United States
Step Pharma,BioSystems,France
SpecificiT Pharma,Digital Health,Canada
Targa Biomedical,Stem Cell,Canada
Prealize Health,Healthcare Analytics,United States
Aro Biotherapeutics,BioSystems,United States
Cullinan Oncology,Medical Devices,United States
Samsara Therapeutics,BioSystems,Germany
Turn Biotechnologies,BioSystems,United States
Oisin Biotechnologies,BioSystems,United States
Immutics Inc,BioSystems,United States
Alkahest Inc,Digital Health,United States
Theolytics Ltd,BioSystems,United Kingdom
PepGen Ltd,BioSystems,United Kingdom
Vaccitech Limited,Digital Health,United Kingdom
E Scientia Laboratory Essentials,BioSystems,India
NextGen Life Sciences Pvt. Ltd.,Bioinformatics,India
3i Molecular Solutions and healthcare solutions,Medical Devices,India
Ytiliga,TeleMedicine,India
Akognos Life Sciences,TeleMedicine,India
Geneva Biotech Center (GBC) SA,TeleMedicine,Switzerland
3X4 Genetics,Genomics/Gene Therapy,United States
Quench Bio,TeleMedicine,United States
Panorama Medicine,TeleMedicine,United States
"Fusion Pharmaceuticals, Inc",Healthcare Analytics,Canada
GamaMabs Pharma SA,Healthcare Analytics,France
Genoscience Pharma,Stem Cell,France
Genzada Pharmaceuticals,Healthcare Analytics,United States
GLG Pharma,Healthcare Analytics,United States
Hillhurst Biopharmaceuticals,Healthcare Analytics,United States
Horus Pharma,Healthcare Analytics,France
"i2 Pharmaceuticals, Inc.",Healthcare Analytics,United States
Iceni Pharmaceuticals Ltd ,Healthcare Analytics,United Kingdom
"Immix Biopharma, Inc",Healthcare Analytics,United States
Pharmaleads,Healthcare Analytics,France
Pherecydes Pharma,Healthcare Analytics,France
Phrixus Pharmaceuticals,Healthcare Analytics,United States
PMV Pharmaceuticals,Healthcare Analytics,United States
Prolong Pharmaceuticals,Healthcare Analytics,United States
Promore Pharma,Medical Diagnostics,Sweden
"Promentis Pharmaceuticals, Inc.",Medical Diagnostics,United States
Protego Biopharma,Genomics/Gene Therapy,United States
Provenance Biopharmaceuticals Corp.,Biosystems,United States
Provid Pharmaceuticals Inc.,Medical Diagnostics,United States
APIM Therapeutics AS ,Biosystems,Norway
"BioAxone BioSciences, Inc.",Biosystems,United States
Blueberry Therapeutics,Biosystems,United Kingdom
